url,whatcms_link,Blog_CMS,E-commerce_CMS,Programming_Language,Database,CDN,Web_Server,Landing_Page_Builder_CMS,Operating_System,Web_Framework,whatcms_response
kingdommin.org,https://whatcms.org/API/Tech?key=wl7oucnc8wvt5f31z1a3mps31c0gkbwp8v7nh0jbgkcf2u58fg79b5boqx4ftdz6bw0p7s&url=kingdommin.org,WordPress,WooCommerce 4.8.0,,MySQL,Google Hosted Libraries,,,,,200 - Success
onecopier.com.sg,https://whatcms.org/API/Tech?key=wl7oucnc8wvt5f31z1a3mps31c0gkbwp8v7nh0jbgkcf2u58fg79b5boqx4ftdz6bw0p7s&url=onecopier.com.sg,,,,,,,,,,202 - Requested Url Was Unavailable
onecopier.sg,https://whatcms.org/API/Tech?key=wl7oucnc8wvt5f31z1a3mps31c0gkbwp8v7nh0jbgkcf2u58fg79b5boqx4ftdz6bw0p7s&url=onecopier.sg,,,,,,,,,,200 - Success
hanaa.com.sg,https://whatcms.org/API/Tech?key=wl7oucnc8wvt5f31z1a3mps31c0gkbwp8v7nh0jbgkcf2u58fg79b5boqx4ftdz6bw0p7s&url=hanaa.com.sg,,,,,,,,,,200 - Success
burlapwatch.com,https://whatcms.org/API/Tech?key=wl7oucnc8wvt5f31z1a3mps31c0gkbwp8v7nh0jbgkcf2u58fg79b5boqx4ftdz6bw0p7s&url=burlapwatch.com,WordPress 6.1,WooCommerce 5.6.0,,MySQL,,,,,,200 - Success
asiapadel.com,https://whatcms.org/API/Tech?key=wl7oucnc8wvt5f31z1a3mps31c0gkbwp8v7nh0jbgkcf2u58fg79b5boqx4ftdz6bw0p7s&url=asiapadel.com,WordPress 6.8.3,WooCommerce 10.2.2,,MySQL,,,,,,200 - Success
beauluxlab.com,https://whatcms.org/API/Tech?key=wl7oucnc8wvt5f31z1a3mps31c0gkbwp8v7nh0jbgkcf2u58fg79b5boqx4ftdz6bw0p7s&url=beauluxlab.com,WordPress 4.8.1,WooCommerce 3.1.0,,MySQL,Cloudflare,,,,,200 - Success
eggtoyshop.com,https://whatcms.org/API/Tech?key=wl7oucnc8wvt5f31z1a3mps31c0gkbwp8v7nh0jbgkcf2u58fg79b5boqx4ftdz6bw0p7s&url=eggtoyshop.com,WordPress,WooCommerce,,MySQL,,,,,,200 - Success
botanicaculture.com,https://whatcms.org/API/Tech?key=wl7oucnc8wvt5f31z1a3mps31c0gkbwp8v7nh0jbgkcf2u58fg79b5boqx4ftdz6bw0p7s&url=botanicaculture.com,,,,,,,,,,200 - Success
iroad.kr,https://whatcms.org/API/Tech?key=wl7oucnc8wvt5f31z1a3mps31c0gkbwp8v7nh0jbgkcf2u58fg79b5boqx4ftdz6bw0p7s&url=iroad.kr,WordPress 6.5.7,WooCommerce 8.9.3,,MySQL,,,,,,200 - Success
askjenny.net,https://whatcms.org/API/Tech?key=wl7oucnc8wvt5f31z1a3mps31c0gkbwp8v7nh0jbgkcf2u58fg79b5boqx4ftdz6bw0p7s&url=askjenny.net,,,,,Cloudflare,,,,,200 - Success
bqlens.com,https://whatcms.org/API/Tech?key=wl7oucnc8wvt5f31z1a3mps31c0gkbwp8v7nh0jbgkcf2u58fg79b5boqx4ftdz6bw0p7s&url=bqlens.com,WordPress,WooCommerce,,MySQL,jsDelivr,,,,,200 - Success
ciao.hk,https://whatcms.org/API/Tech?key=wl7oucnc8wvt5f31z1a3mps31c0gkbwp8v7nh0jbgkcf2u58fg79b5boqx4ftdz6bw0p7s&url=ciao.hk,,,,,,,,,,200 - Success
floraltrain.com.sg,https://whatcms.org/API/Tech?key=wl7oucnc8wvt5f31z1a3mps31c0gkbwp8v7nh0jbgkcf2u58fg79b5boqx4ftdz6bw0p7s&url=floraltrain.com.sg,WordPress,WooCommerce 8.5.2,,MySQL,,,,,,200 - Success
bodyprotect.hk,https://whatcms.org/API/Tech?key=wl7oucnc8wvt5f31z1a3mps31c0gkbwp8v7nh0jbgkcf2u58fg79b5boqx4ftdz6bw0p7s&url=bodyprotect.hk,WordPress 6.8.3,WooCommerce 10.3.3,,MySQL,jsDelivr,,,,,200 - Success
horti.sg,https://whatcms.org/API/Tech?key=wl7oucnc8wvt5f31z1a3mps31c0gkbwp8v7nh0jbgkcf2u58fg79b5boqx4ftdz6bw0p7s&url=horti.sg,,,,,,,,,,200 - Success
trioms.com,https://whatcms.org/API/Tech?key=wl7oucnc8wvt5f31z1a3mps31c0gkbwp8v7nh0jbgkcf2u58fg79b5boqx4ftdz6bw0p7s&url=trioms.com,WordPress 5.5.17,WooCommerce 4.6.5,,MySQL,Google Hosted Libraries,,,,,200 - Success
bugs-stop.com,https://whatcms.org/API/Tech?key=wl7oucnc8wvt5f31z1a3mps31c0gkbwp8v7nh0jbgkcf2u58fg79b5boqx4ftdz6bw0p7s&url=bugs-stop.com,WordPress,WooCommerce 9.9.5,,MySQL,,,,,,200 - Success
swimava.com,https://whatcms.org/API/Tech?key=wl7oucnc8wvt5f31z1a3mps31c0gkbwp8v7nh0jbgkcf2u58fg79b5boqx4ftdz6bw0p7s&url=swimava.com,,,,,,,,,,200 - Success
cme-pro.com,https://whatcms.org/API/Tech?key=wl7oucnc8wvt5f31z1a3mps31c0gkbwp8v7nh0jbgkcf2u58fg79b5boqx4ftdz6bw0p7s&url=cme-pro.com,WordPress 6.8.3,WooCommerce 10.2.2,,MySQL,Cloudflare,,,,,200 - Success
simplyit.com.hk,https://whatcms.org/API/Tech?key=wl7oucnc8wvt5f31z1a3mps31c0gkbwp8v7nh0jbgkcf2u58fg79b5boqx4ftdz6bw0p7s&url=simplyit.com.hk,,,,,,,,,,202 - Requested Url Was Unavailable
orientalceramics.org.hk,https://whatcms.org/API/Tech?key=wl7oucnc8wvt5f31z1a3mps31c0gkbwp8v7nh0jbgkcf2u58fg79b5boqx4ftdz6bw0p7s&url=orientalceramics.org.hk,,,,,,,,,,200 - Success
prontods.com.sg,https://whatcms.org/API/Tech?key=wl7oucnc8wvt5f31z1a3mps31c0gkbwp8v7nh0jbgkcf2u58fg79b5boqx4ftdz6bw0p7s&url=prontods.com.sg,WordPress 6.8.3,WooCommerce 10.0.4,,MySQL,Cloudflare,,,,,200 - Success
feetcare.sg,https://whatcms.org/API/Tech?key=wl7oucnc8wvt5f31z1a3mps31c0gkbwp8v7nh0jbgkcf2u58fg79b5boqx4ftdz6bw0p7s&url=feetcare.sg,WordPress 6.8.3,WooCommerce 10.3.3,,MySQL,,,,,,200 - Success
fullhealth.store,https://whatcms.org/API/Tech?key=wl7oucnc8wvt5f31z1a3mps31c0gkbwp8v7nh0jbgkcf2u58fg79b5boqx4ftdz6bw0p7s&url=fullhealth.store,,,,,,,,,,202 - Requested Url Was Unavailable
silroc.com.hk,https://whatcms.org/API/Tech?key=wl7oucnc8wvt5f31z1a3mps31c0gkbwp8v7nh0jbgkcf2u58fg79b5boqx4ftdz6bw0p7s&url=silroc.com.hk,,,,,,,,,,202 - Requested Url Was Unavailable
DomainSoftwares.com,https://whatcms.org/API/Tech?key=wl7oucnc8wvt5f31z1a3mps31c0gkbwp8v7nh0jbgkcf2u58fg79b5boqx4ftdz6bw0p7s&url=DomainSoftwares.com,WordPress,WooCommerce 10.3.3,,MySQL,Cloudflare,,,,,200 - Success
juliekuok.com,https://whatcms.org/API/Tech?key=wl7oucnc8wvt5f31z1a3mps31c0gkbwp8v7nh0jbgkcf2u58fg79b5boqx4ftdz6bw0p7s&url=juliekuok.com,,,,,,,,,,200 - Success
SWIMAVA.COM,https://whatcms.org/API/Tech?key=wl7oucnc8wvt5f31z1a3mps31c0gkbwp8v7nh0jbgkcf2u58fg79b5boqx4ftdz6bw0p7s&url=SWIMAVA.COM,,,,,,,,,,200 - Success
swimava.hk,https://whatcms.org/API/Tech?key=wl7oucnc8wvt5f31z1a3mps31c0gkbwp8v7nh0jbgkcf2u58fg79b5boqx4ftdz6bw0p7s&url=swimava.hk,,,,,,,,,,200 - Success
voxretail.com.sg,https://whatcms.org/API/Tech?key=wl7oucnc8wvt5f31z1a3mps31c0gkbwp8v7nh0jbgkcf2u58fg79b5boqx4ftdz6bw0p7s&url=voxretail.com.sg,,,,,,,,,,202 - Requested Url Was Unavailable
haoyikang.sg,https://whatcms.org/API/Tech?key=wl7oucnc8wvt5f31z1a3mps31c0gkbwp8v7nh0jbgkcf2u58fg79b5boqx4ftdz6bw0p7s&url=haoyikang.sg,,,,,,,,,,200 - Success
stgindustrials.com,https://whatcms.org/API/Tech?key=wl7oucnc8wvt5f31z1a3mps31c0gkbwp8v7nh0jbgkcf2u58fg79b5boqx4ftdz6bw0p7s&url=stgindustrials.com,WordPress 6.7.4,WooCommerce 9.7.1,,MySQL,Hostinger CDN,,,,,200 - Success
itrade-marketing.com,https://whatcms.org/API/Tech?key=wl7oucnc8wvt5f31z1a3mps31c0gkbwp8v7nh0jbgkcf2u58fg79b5boqx4ftdz6bw0p7s&url=itrade-marketing.com,WordPress,WooCommerce 5.9.1,,MySQL,,,,,,200 - Success
flowersflowers.com.sg,https://whatcms.org/API/Tech?key=wl7oucnc8wvt5f31z1a3mps31c0gkbwp8v7nh0jbgkcf2u58fg79b5boqx4ftdz6bw0p7s&url=flowersflowers.com.sg,,,,,,,,,,202 - Requested Url Was Unavailable
louloufm.com,https://whatcms.org/API/Tech?key=wl7oucnc8wvt5f31z1a3mps31c0gkbwp8v7nh0jbgkcf2u58fg79b5boqx4ftdz6bw0p7s&url=louloufm.com,WordPress,WooCommerce 4.9.2,,MySQL,,,,,,200 - Success
linseq.com,https://whatcms.org/API/Tech?key=wl7oucnc8wvt5f31z1a3mps31c0gkbwp8v7nh0jbgkcf2u58fg79b5boqx4ftdz6bw0p7s&url=linseq.com,WordPress 5.9,WooCommerce 4.3.6,,MySQL,Unpkg,,,,,200 - Success
puddinghead.sg,https://whatcms.org/API/Tech?key=wl7oucnc8wvt5f31z1a3mps31c0gkbwp8v7nh0jbgkcf2u58fg79b5boqx4ftdz6bw0p7s&url=puddinghead.sg,,Shopify,,,Cloudflare,,,,,200 - Success
okhballet.com,https://whatcms.org/API/Tech?key=wl7oucnc8wvt5f31z1a3mps31c0gkbwp8v7nh0jbgkcf2u58fg79b5boqx4ftdz6bw0p7s&url=okhballet.com,WordPress 6.8.3,WooCommerce 10.2.1,,MySQL,,,,,,200 - Success
emiandeve.com,https://whatcms.org/API/Tech?key=wl7oucnc8wvt5f31z1a3mps31c0gkbwp8v7nh0jbgkcf2u58fg79b5boqx4ftdz6bw0p7s&url=emiandeve.com,WordPress,WooCommerce 6.4.0,,MySQL,Cloudflare,,,,,200 - Success
alphamed.com.sg,https://whatcms.org/API/Tech?key=wl7oucnc8wvt5f31z1a3mps31c0gkbwp8v7nh0jbgkcf2u58fg79b5boqx4ftdz6bw0p7s&url=alphamed.com.sg,WordPress 6.8.3,WooCommerce 9.8.5,,MySQL,,,,,,200 - Success
aromavera.com.hk,https://whatcms.org/API/Tech?key=wl7oucnc8wvt5f31z1a3mps31c0gkbwp8v7nh0jbgkcf2u58fg79b5boqx4ftdz6bw0p7s&url=aromavera.com.hk,WordPress 6.8.3,WooCommerce,,MySQL,,,,,,200 - Success
optimaz.com.sg,https://whatcms.org/API/Tech?key=wl7oucnc8wvt5f31z1a3mps31c0gkbwp8v7nh0jbgkcf2u58fg79b5boqx4ftdz6bw0p7s&url=optimaz.com.sg,,,,,,,,,,200 - Success
littlebiggarden.com,https://whatcms.org/API/Tech?key=wl7oucnc8wvt5f31z1a3mps31c0gkbwp8v7nh0jbgkcf2u58fg79b5boqx4ftdz6bw0p7s&url=littlebiggarden.com,,,,,Cloudflare,,,,,200 - Success
shopvenom.com,https://whatcms.org/API/Tech?key=wl7oucnc8wvt5f31z1a3mps31c0gkbwp8v7nh0jbgkcf2u58fg79b5boqx4ftdz6bw0p7s&url=shopvenom.com,WordPress,WooCommerce 3.2.6,,MySQL,Cloudflare,,,,,200 - Success
hazel.com.sg,https://whatcms.org/API/Tech?key=wl7oucnc8wvt5f31z1a3mps31c0gkbwp8v7nh0jbgkcf2u58fg79b5boqx4ftdz6bw0p7s&url=hazel.com.sg,WordPress 4.6.4,WooCommerce 2.5.5,,MySQL,,,,,,200 - Success
sewintoit.com.sg,https://whatcms.org/API/Tech?key=wl7oucnc8wvt5f31z1a3mps31c0gkbwp8v7nh0jbgkcf2u58fg79b5boqx4ftdz6bw0p7s&url=sewintoit.com.sg,,,,,,,,,,200 - Success
leonicak.com,https://whatcms.org/API/Tech?key=wl7oucnc8wvt5f31z1a3mps31c0gkbwp8v7nh0jbgkcf2u58fg79b5boqx4ftdz6bw0p7s&url=leonicak.com,,,,,Cloudflare,,,,,200 - Success
grunn.sg,https://whatcms.org/API/Tech?key=wl7oucnc8wvt5f31z1a3mps31c0gkbwp8v7nh0jbgkcf2u58fg79b5boqx4ftdz6bw0p7s&url=grunn.sg,WordPress 6.0.11,WooCommerce 4.2.5,,MySQL,cdnjs,,,,,200 - Success
dreamlove1000.com,https://whatcms.org/API/Tech?key=wl7oucnc8wvt5f31z1a3mps31c0gkbwp8v7nh0jbgkcf2u58fg79b5boqx4ftdz6bw0p7s&url=dreamlove1000.com,WordPress,WooCommerce 10.3.3,,MySQL,,,,,,200 - Success
